{
    "5.dll": 5.862002604319239,
    "3.pptx": 7.788650789058493,
    "9.bmp": 5.700638370785069,
    "8.bmp": 6.391175130546276,
    "1.txt": 4.321002126629457,
    "7.jpg": 7.94919269042588,
    "4.pdf": 7.923671878894927,
    "6.jpg": 7.956560373738691,
    "2.docx": 7.964566977315421,
    "10.mov": 7.999451773265562
}
